model,split,accuracy,precision,recall,f1,roc_auc
Logistic Regression,test,0.7913333333333333,0.7527910685805422,0.7492063492063492,0.750994431185362,0.868334245575625
Random Forest,test,0.7893333333333333,0.7565359477124183,0.734920634920635,0.7455716586151369,0.8665772669220945
Gradient Boosting,test,0.784,0.755,0.719047619047619,0.7365853658536585,0.8656896551724139
Logistic Regression,validation,0.8,0.7573529411764706,0.7700934579439253,0.7636700648748842,0.8757817630714827
Random Forest,validation,0.7984313725490196,0.7683397683397684,0.7439252336448599,0.7559354226020892,0.8732255620106087
Gradient Boosting,validation,0.8015686274509803,0.7701149425287356,0.7514018691588785,0.760643330179754,0.8713589290224806
